ID,Count
18288,412.0
18289,329.0
18290,278.0
18291,230.0
18292,193.0
18293,173.0
18294,186.0
18295,216.0
18296,249.0
18297,321.0
18298,456.0
18299,506.0
18300,511.0
18301,452.0
18302,483.0
18303,477.0
18304,465.0
18305,476.0
18306,487.0
18307,517.0
18308,497.0
18309,464.0
18310,466.0
18311,455.0
18312,392.0
18313,313.0
18314,265.0
18315,219.0
18316,184.0
18317,165.0
18318,177.0
18319,206.0
18320,237.0
18321,306.0
18322,435.0
18323,482.0
18324,487.0
18325,431.0
18326,460.0
18327,455.0
18328,443.0
18329,453.0
18330,464.0
18331,493.0
18332,474.0
18333,442.0
18334,444.0
18335,433.0
18336,378.0
18337,302.0
18338,255.0
18339,211.0
18340,178.0
18341,159.0
18342,171.0
18343,198.0
18344,228.0
18345,295.0
18346,419.0
18347,464.0
18348,469.0
18349,415.0
18350,443.0
18351,438.0
18352,427.0
18353,437.0
18354,447.0
18355,475.0
18356,456.0
18357,426.0
18358,427.0
18359,417.0
18360,263.0
18361,210.0
18362,177.0
18363,147.0
18364,123.0
18365,110.0
18366,119.0
18367,138.0
18368,159.0
18369,205.0
18370,291.0
18371,322.0
18372,326.0
18373,288.0
18374,308.0
18375,304.0
18376,297.0
18377,303.0
18378,311.0
18379,330.0
18380,317.0
18381,296.0
18382,297.0
18383,290.0
18384,262.0
18385,209.0
18386,177.0
18387,146.0
18388,123.0
18389,110.0
18390,118.0
18391,137.0
18392,158.0
18393,204.0
18394,290.0
18395,321.0
18396,325.0
18397,287.0
18398,307.0
18399,303.0
18400,295.0
18401,302.0
18402,310.0
18403,329.0
18404,316.0
18405,295.0
18406,296.0
18407,289.0
18408,410.0
18409,327.0
18410,277.0
18411,229.0
18412,193.0
18413,172.0
18414,185.0
18415,215.0
18416,248.0
18417,320.0
18418,454.0
18419,504.0
18420,509.0
18421,450.0
18422,481.0
18423,475.0
18424,463.0
18425,474.0
18426,485.0
18427,515.0
18428,495.0
18429,462.0
18430,464.0
18431,453.0
18432,400.0
18433,320.0
18434,270.0
18435,223.0
18436,188.0
18437,168.0
18438,181.0
18439,210.0
18440,242.0
18441,312.0
18442,444.0
18443,492.0
18444,497.0
18445,439.0
18446,470.0
18447,464.0
18448,452.0
18449,463.0
18450,474.0
18451,503.0
18452,483.0
18453,451.0
18454,453.0
18455,442.0
18456,415.0
18457,332.0
18458,281.0
18459,232.0
18460,195.0
18461,175.0
18462,188.0
18463,218.0
18464,251.0
18465,324.0
18466,460.0
18467,510.0
18468,515.0
18469,456.0
18470,487.0
18471,481.0
18472,469.0
18473,480.0
18474,492.0
18475,522.0
18476,501.0
18477,468.0
18478,470.0
18479,459.0
18480,396.0
18481,316.0
18482,267.0
18483,221.0
18484,186.0
18485,167.0
18486,179.0
18487,208.0
18488,239.0
18489,309.0
18490,439.0
18491,486.0
18492,491.0
18493,435.0
18494,465.0
18495,459.0
18496,447.0
18497,458.0
18498,469.0
18499,497.0
18500,478.0
18501,446.0
18502,448.0
18503,437.0
18504,382.0
18505,305.0
18506,258.0
18507,213.0
18508,179.0
18509,160.0
18510,173.0
18511,200.0
18512,230.0
18513,298.0
18514,423.0
18515,469.0
18516,474.0
18517,419.0
18518,448.0
18519,442.0
18520,431.0
18521,441.0
18522,452.0
18523,479.0
18524,461.0
18525,430.0
18526,432.0
18527,421.0
18528,266.0
18529,213.0
18530,180.0
18531,149.0
18532,125.0
18533,112.0
18534,120.0
18535,140.0
18536,161.0
18537,208.0
18538,295.0
18539,327.0
18540,330.0
18541,292.0
18542,313.0
18543,309.0
18544,301.0
18545,308.0
18546,315.0
18547,335.0
18548,321.0
18549,300.0
18550,301.0
18551,294.0
18552,265.0
18553,212.0
18554,179.0
18555,148.0
18556,125.0
18557,112.0
18558,120.0
18559,139.0
18560,160.0
18561,207.0
18562,294.0
18563,326.0
18564,329.0
18565,291.0
18566,311.0
18567,307.0
18568,300.0
18569,307.0
18570,314.0
18571,333.0
18572,320.0
18573,299.0
18574,300.0
18575,293.0
18576,414.0
18577,330.0
18578,280.0
18579,231.0
18580,194.0
18581,174.0
18582,187.0
18583,217.0
18584,250.0
18585,323.0
18586,458.0
18587,508.0
18588,514.0
18589,454.0
18590,486.0
18591,479.0
18592,467.0
18593,478.0
18594,490.0
18595,520.0
18596,500.0
18597,466.0
18598,468.0
18599,457.0
18600,404.0
18601,323.0
18602,273.0
18603,226.0
18604,190.0
18605,170.0
18606,183.0
18607,212.0
18608,244.0
18609,315.0
18610,448.0
18611,496.0
18612,502.0
18613,444.0
18614,474.0
18615,468.0
18616,456.0
18617,467.0
18618,478.0
18619,508.0
18620,488.0
18621,455.0
18622,457.0
18623,446.0
18624,419.0
18625,334.0
18626,283.0
18627,234.0
18628,197.0
18629,176.0
18630,190.0
18631,220.0
18632,253.0
18633,327.0
18634,464.0
18635,515.0
18636,520.0
18637,460.0
18638,492.0
18639,486.0
18640,473.0
18641,484.0
18642,496.0
18643,526.0
18644,506.0
18645,472.0
18646,474.0
18647,463.0
18648,400.0
18649,319.0
18650,270.0
18651,223.0
18652,188.0
18653,168.0
18654,181.0
18655,210.0
18656,241.0
18657,312.0
18658,443.0
18659,491.0
18660,496.0
18661,439.0
18662,469.0
18663,463.0
18664,451.0
18665,462.0
18666,473.0
18667,502.0
18668,483.0
18669,450.0
18670,452.0
18671,441.0
18672,385.0
18673,308.0
18674,260.0
18675,215.0
18676,181.0
18677,162.0
18678,174.0
18679,202.0
18680,233.0
18681,301.0
18682,427.0
18683,473.0
18684,478.0
18685,423.0
18686,452.0
18687,446.0
18688,435.0
18689,445.0
18690,456.0
18691,484.0
18692,465.0
18693,434.0
18694,436.0
18695,425.0
18696,270.0
18697,216.0
18698,182.0
18699,151.0
18700,127.0
18701,114.0
18702,122.0
18703,142.0
18704,163.0
18705,211.0
18706,299.0
18707,332.0
18708,335.0
18709,296.0
18710,317.0
18711,313.0
18712,305.0
18713,312.0
18714,320.0
18715,339.0
18716,326.0
18717,304.0
18718,305.0
18719,298.0
18720,269.0
18721,215.0
18722,182.0
18723,150.0
18724,126.0
18725,113.0
18726,122.0
18727,141.0
18728,162.0
18729,210.0
18730,298.0
18731,330.0
18732,334.0
18733,295.0
18734,316.0
18735,312.0
18736,304.0
18737,311.0
18738,319.0
18739,338.0
18740,325.0
18741,303.0
18742,304.0
18743,297.0
18744,418.0
18745,333.0
18746,282.0
18747,233.0
18748,196.0
18749,176.0
18750,189.0
18751,219.0
18752,252.0
18753,326.0
18754,462.0
18755,513.0
18756,518.0
18757,458.0
18758,490.0
18759,484.0
18760,471.0
18761,482.0
18762,494.0
18763,524.0
18764,504.0
18765,470.0
18766,472.0
18767,461.0
18768,408.0
18769,326.0
18770,276.0
18771,228.0
18772,192.0
18773,172.0
18774,184.0
18775,214.0
18776,246.0
18777,318.0
18778,452.0
18779,501.0
18780,506.0
18781,448.0
18782,479.0
18783,473.0
18784,461.0
18785,471.0
18786,483.0
18787,512.0
18788,492.0
18789,460.0
18790,461.0
18791,450.0
18792,423.0
18793,337.0
18794,286.0
18795,236.0
18796,199.0
18797,178.0
18798,191.0
18799,222.0
18800,255.0
18801,330.0
18802,468.0
18803,519.0
18804,525.0
18805,464.0
18806,496.0
18807,490.0
18808,477.0
18809,489.0
18810,501.0
18811,531.0
18812,510.0
18813,476.0
18814,478.0
18815,467.0
18816,403.0
18817,322.0
18818,273.0
18819,225.0
18820,190.0
18821,170.0
18822,182.0
18823,212.0
18824,244.0
18825,315.0
18826,447.0
18827,495.0
18828,501.0
18829,443.0
18830,473.0
18831,467.0
18832,456.0
18833,466.0
18834,478.0
18835,507.0
18836,487.0
18837,455.0
18838,456.0
18839,445.0
18840,389.0
18841,310.0
18842,263.0
18843,217.0
18844,183.0
18845,164.0
18846,176.0
18847,204.0
18848,235.0
18849,304.0
18850,431.0
18851,478.0
18852,483.0
18853,427.0
18854,457.0
18855,451.0
18856,439.0
18857,449.0
18858,461.0
18859,489.0
18860,470.0
18861,438.0
18862,440.0
18863,430.0
18864,274.0
18865,218.0
18866,185.0
18867,153.0
18868,129.0
18869,115.0
18870,124.0
18871,144.0
18872,165.0
18873,214.0
18874,303.0
18875,336.0
18876,340.0
18877,300.0
18878,321.0
18879,317.0
18880,309.0
18881,316.0
18882,324.0
18883,344.0
18884,330.0
18885,308.0
18886,310.0
18887,302.0
18888,273.0
18889,218.0
18890,184.0
18891,152.0
18892,128.0
18893,115.0
18894,123.0
18895,143.0
18896,165.0
18897,213.0
18898,302.0
18899,335.0
18900,339.0
18901,299.0
18902,320.0
18903,316.0
18904,308.0
18905,315.0
18906,323.0
18907,343.0
18908,329.0
18909,307.0
18910,308.0
18911,301.0
18912,421.0
18913,336.0
18914,285.0
18915,235.0
18916,198.0
18917,177.0
18918,190.0
18919,221.0
18920,254.0
18921,329.0
18922,467.0
18923,517.0
18924,523.0
18925,462.0
18926,494.0
18927,488.0
18928,476.0
18929,487.0
18930,499.0
18931,529.0
18932,508.0
18933,475.0
18934,476.0
18935,465.0
18936,412.0
18937,329.0
18938,278.0
18939,230.0
18940,193.0
18941,173.0
18942,186.0
18943,216.0
18944,249.0
18945,321.0
18946,456.0
18947,505.0
18948,511.0
18949,452.0
18950,483.0
18951,477.0
18952,465.0
18953,476.0
18954,487.0
18955,517.0
18956,497.0
18957,464.0
18958,465.0
18959,454.0
18960,427.0
18961,340.0
18962,288.0
18963,238.0
18964,200.0
18965,179.0
18966,193.0
18967,224.0
18968,258.0
18969,333.0
18970,472.0
18971,524.0
18972,529.0
18973,468.0
18974,501.0
18975,494.0
18976,482.0
18977,493.0
18978,505.0
18979,536.0
18980,515.0
18981,481.0
18982,482.0
18983,471.0
18984,407.0
18985,325.0
18986,275.0
18987,227.0
18988,191.0
18989,171.0
18990,184.0
18991,214.0
18992,246.0
18993,318.0
18994,451.0
18995,500.0
18996,505.0
18997,447.0
18998,478.0
18999,472.0
19000,460.0
19001,470.0
19002,482.0
19003,511.0
19004,491.0
19005,459.0
19006,460.0
19007,450.0
19008,393.0
19009,313.0
19010,265.0
19011,219.0
19012,184.0
19013,165.0
19014,178.0
19015,206.0
19016,237.0
19017,306.0
19018,435.0
19019,482.0
19020,487.0
19021,431.0
19022,461.0
19023,455.0
19024,443.0
19025,454.0
19026,465.0
19027,493.0
19028,474.0
19029,443.0
19030,444.0
19031,434.0
19032,277.0
19033,221.0
19034,187.0
19035,155.0
19036,130.0
19037,117.0
19038,125.0
19039,145.0
19040,168.0
19041,217.0
19042,307.0
19043,341.0
19044,344.0
19045,305.0
19046,326.0
19047,321.0
19048,313.0
19049,321.0
19050,328.0
19051,349.0
19052,335.0
19053,313.0
19054,314.0
19055,306.0
19056,277.0
19057,221.0
19058,187.0
19059,154.0
19060,130.0
19061,116.0
19062,125.0
19063,145.0
19064,167.0
19065,216.0
19066,306.0
19067,340.0
19068,343.0
19069,303.0
19070,324.0
19071,320.0
19072,312.0
19073,319.0
19074,327.0
19075,347.0
19076,334.0
19077,312.0
19078,313.0
19079,305.0
19080,425.0
19081,339.0
19082,287.0
19083,237.0
19084,200.0
19085,179.0
19086,192.0
19087,223.0
19088,257.0
19089,332.0
19090,471.0
19091,522.0
19092,527.0
19093,466.0
19094,499.0
19095,492.0
19096,480.0
19097,491.0
19098,503.0
19099,534.0
19100,513.0
19101,479.0
19102,481.0
19103,469.0
19104,415.0
19105,331.0
19106,281.0
19107,232.0
19108,195.0
19109,175.0
19110,188.0
19111,218.0
19112,251.0
19113,324.0
19114,460.0
19115,510.0
19116,515.0
19117,456.0
19118,487.0
19119,481.0
19120,469.0
19121,480.0
19122,492.0
19123,522.0
19124,501.0
19125,468.0
19126,470.0
19127,459.0
19128,430.0
19129,343.0
19130,291.0
19131,240.0
19132,202.0
19133,181.0
19134,195.0
19135,226.0
19136,260.0
19137,336.0
19138,477.0
19139,528.0
19140,534.0
19141,472.0
19142,505.0
19143,499.0
19144,486.0
19145,497.0
19146,509.0
19147,540.0
19148,519.0
19149,485.0
19150,487.0
19151,475.0
19152,411.0
19153,328.0
19154,278.0
19155,229.0
19156,193.0
19157,173.0
19158,186.0
19159,215.0
19160,248.0
19161,321.0
19162,455.0
19163,505.0
19164,510.0
19165,451.0
19166,482.0
19167,476.0
19168,464.0
19169,475.0
19170,486.0
19171,516.0
19172,496.0
19173,463.0
19174,465.0
19175,454.0
19176,396.0
19177,316.0
19178,268.0
19179,221.0
19180,186.0
19181,167.0
19182,179.0
19183,208.0
19184,239.0
19185,309.0
19186,439.0
19187,487.0
19188,492.0
19189,435.0
19190,465.0
19191,459.0
19192,448.0
19193,458.0
19194,469.0
19195,498.0
19196,479.0
19197,447.0
19198,448.0
19199,438.0
19200,281.0
19201,224.0
19202,190.0
19203,157.0
19204,132.0
19205,118.0
19206,127.0
19207,147.0
19208,170.0
19209,219.0
19210,311.0
19211,345.0
19212,349.0
19213,309.0
19214,330.0
19215,326.0
19216,317.0
19217,325.0
19218,333.0
19219,353.0
19220,339.0
19221,317.0
19222,318.0
19223,310.0
19224,280.0
19225,224.0
19226,189.0
19227,156.0
19228,132.0
19229,118.0
19230,127.0
19231,147.0
19232,169.0
19233,219.0
19234,310.0
19235,344.0
19236,348.0
19237,308.0
19238,329.0
19239,325.0
19240,316.0
19241,324.0
19242,332.0
19243,352.0
19244,338.0
19245,316.0
19246,317.0
19247,309.0
19248,429.0
19249,342.0
19250,290.0
19251,239.0
19252,201.0
19253,180.0
19254,194.0
19255,225.0
19256,259.0
19257,335.0
19258,475.0
19259,526.0
19260,532.0
19261,470.0
19262,503.0
19263,497.0
19264,484.0
19265,495.0
19266,507.0
19267,538.0
19268,517.0
19269,483.0
19270,485.0
19271,473.0
19272,419.0
19273,334.0
19274,283.0
19275,234.0
19276,197.0
19277,176.0
19278,189.0
19279,220.0
19280,253.0
19281,327.0
19282,464.0
19283,515.0
19284,520.0
19285,460.0
19286,492.0
19287,486.0
19288,473.0
19289,484.0
19290,496.0
19291,526.0
19292,506.0
19293,472.0
19294,474.0
19295,463.0
19296,434.0
19297,346.0
19298,293.0
19299,242.0
19300,204.0
19301,182.0
19302,196.0
19303,228.0
19304,262.0
19305,339.0
19306,481.0
19307,533.0
19308,539.0
19309,476.0
19310,509.0
19311,503.0
19312,490.0
19313,501.0
19314,514.0
19315,545.0
19316,524.0
19317,489.0
19318,491.0
19319,479.0
19320,415.0
19321,331.0
19322,280.0
19323,231.0
19324,195.0
19325,174.0
19326,187.0
19327,217.0
19328,250.0
19329,324.0
19330,459.0
19331,509.0
19332,514.0
19333,455.0
19334,487.0
19335,480.0
19336,468.0
19337,479.0
19338,491.0
19339,521.0
19340,500.0
19341,467.0
19342,469.0
19343,458.0
19344,400.0
19345,319.0
19346,270.0
19347,223.0
19348,188.0
19349,168.0
19350,181.0
19351,210.0
19352,242.0
19353,312.0
19354,443.0
19355,491.0
19356,497.0
19357,439.0
19358,470.0
19359,464.0
19360,452.0
19361,462.0
19362,474.0
19363,503.0
19364,483.0
19365,451.0
19366,453.0
19367,442.0
19368,285.0
19369,227.0
19370,192.0
19371,159.0
19372,134.0
19373,120.0
19374,129.0
19375,149.0
19376,172.0
19377,222.0
19378,316.0
19379,350.0
19380,354.0
19381,313.0
19382,334.0
19383,330.0
19384,322.0
19385,329.0
19386,337.0
19387,358.0
19388,344.0
19389,321.0
19390,322.0
19391,315.0
19392,284.0
19393,227.0
19394,192.0
19395,158.0
19396,133.0
19397,119.0
19398,128.0
19399,149.0
19400,171.0
19401,222.0
19402,314.0
19403,349.0
19404,352.0
19405,312.0
19406,333.0
19407,329.0
19408,321.0
19409,328.0
19410,336.0
19411,357.0
19412,343.0
19413,320.0
19414,321.0
19415,313.0
19416,432.0
19417,345.0
19418,292.0
19419,241.0
19420,203.0
19421,182.0
19422,196.0
19423,227.0
19424,261.0
19425,337.0
19426,479.0
19427,531.0
19428,537.0
19429,475.0
19430,507.0
19431,501.0
19432,488.0
19433,500.0
19434,512.0
19435,543.0
19436,522.0
19437,487.0
19438,489.0
19439,477.0
19440,423.0
19441,337.0
19442,286.0
19443,236.0
19444,199.0
19445,178.0
19446,191.0
19447,222.0
19448,255.0
19449,330.0
19450,468.0
19451,519.0
19452,525.0
19453,464.0
19454,496.0
19455,490.0
19456,477.0
19457,488.0
19458,500.0
19459,531.0
19460,510.0
19461,476.0
19462,478.0
19463,467.0
19464,438.0
19465,349.0
19466,296.0
19467,244.0
19468,206.0
19469,184.0
19470,198.0
19471,230.0
19472,264.0
19473,342.0
19474,485.0
19475,537.0
19476,543.0
19477,480.0
19478,514.0
19479,507.0
19480,494.0
19481,506.0
19482,518.0
19483,550.0
19484,528.0
19485,493.0
19486,495.0
19487,483.0
19488,418.0
19489,334.0
19490,283.0
19491,233.0
19492,197.0
19493,176.0
19494,189.0
19495,219.0
19496,253.0
19497,326.0
19498,463.0
19499,514.0
19500,519.0
19501,459.0
19502,491.0
19503,485.0
19504,472.0
19505,483.0
19506,495.0
19507,525.0
19508,505.0
19509,471.0
19510,473.0
19511,462.0
19512,404.0
19513,322.0
19514,273.0
19515,225.0
19516,190.0
19517,170.0
19518,183.0
19519,212.0
19520,244.0
19521,315.0
19522,447.0
19523,496.0
19524,501.0
19525,443.0
19526,474.0
19527,468.0
19528,456.0
19529,467.0
19530,478.0
19531,507.0
19532,488.0
19533,455.0
19534,457.0
19535,446.0
19536,289.0
19537,230.0
19538,195.0
19539,161.0
19540,136.0
19541,121.0
19542,130.0
19543,151.0
19544,174.0
19545,225.0
19546,320.0
19547,354.0
19548,358.0
19549,317.0
19550,339.0
19551,334.0
19552,326.0
19553,333.0
19554,342.0
19555,363.0
19556,348.0
19557,325.0
19558,326.0
19559,319.0
19560,288.0
19561,230.0
19562,194.0
19563,161.0
19564,135.0
19565,121.0
19566,130.0
19567,151.0
19568,174.0
19569,224.0
19570,319.0
19571,353.0
19572,357.0
19573,316.0
19574,338.0
19575,333.0
19576,325.0
19577,332.0
19578,341.0
19579,361.0
19580,347.0
19581,324.0
19582,325.0
19583,318.0
19584,436.0
19585,348.0
19586,295.0
19587,243.0
19588,205.0
19589,183.0
19590,197.0
19591,229.0
19592,263.0
19593,340.0
19594,483.0
19595,535.0
19596,541.0
19597,479.0
19598,512.0
19599,505.0
19600,492.0
19601,504.0
19602,516.0
19603,548.0
19604,526.0
19605,491.0
19606,493.0
19607,481.0
19608,426.0
19609,340.0
19610,288.0
19611,238.0
19612,200.0
19613,179.0
19614,193.0
19615,224.0
19616,258.0
19617,333.0
19618,472.0
19619,524.0
19620,529.0
19621,468.0
19622,500.0
19623,494.0
19624,482.0
19625,493.0
19626,505.0
19627,536.0
19628,515.0
19629,480.0
19630,482.0
19631,471.0
19632,441.0
19633,352.0
19634,298.0
19635,246.0
19636,207.0
19637,186.0
19638,200.0
19639,231.0
19640,267.0
19641,344.0
19642,489.0
19643,542.0
19644,548.0
19645,484.0
19646,518.0
19647,511.0
19648,498.0
19649,510.0
19650,523.0
19651,554.0
19652,533.0
19653,497.0
19654,499.0
19655,487.0
19656,422.0
19657,337.0
19658,285.0
19659,236.0
19660,198.0
19661,177.0
19662,191.0
19663,221.0
19664,255.0
19665,329.0
19666,467.0
19667,518.0
19668,524.0
19669,463.0
19670,495.0
19671,489.0
19672,476.0
19673,488.0
19674,500.0
19675,530.0
19676,509.0
19677,475.0
19678,477.0
19679,466.0
19680,408.0
19681,325.0
19682,275.0
19683,227.0
19684,191.0
19685,171.0
19686,184.0
19687,214.0
19688,246.0
19689,318.0
19690,451.0
19691,500.0
19692,506.0
19693,447.0
19694,478.0
19695,472.0
19696,460.0
19697,471.0
19698,483.0
19699,512.0
19700,492.0
19701,459.0
19702,461.0
19703,450.0
19704,292.0
19705,233.0
19706,197.0
19707,163.0
19708,137.0
19709,123.0
19710,132.0
19711,153.0
19712,177.0
19713,228.0
19714,324.0
19715,359.0
19716,363.0
19717,321.0
19718,343.0
19719,339.0
19720,330.0
19721,338.0
19722,346.0
19723,367.0
19724,353.0
19725,329.0
19726,331.0
19727,323.0
19728,291.0
19729,233.0
19730,197.0
19731,163.0
19732,137.0
19733,123.0
19734,132.0
19735,153.0
19736,176.0
19737,227.0
19738,323.0
19739,358.0
19740,362.0
19741,320.0
19742,342.0
19743,338.0
19744,329.0
19745,337.0
19746,345.0
19747,366.0
19748,352.0
19749,328.0
19750,329.0
19751,322.0
19752,440.0
19753,351.0
19754,297.0
19755,245.0
19756,207.0
19757,185.0
19758,199.0
19759,231.0
19760,266.0
19761,343.0
19762,487.0
19763,540.0
19764,546.0
19765,483.0
19766,516.0
19767,510.0
19768,497.0
19769,508.0
19770,521.0
19771,552.0
19772,531.0
19773,496.0
19774,497.0
19775,486.0
19776,430.0
19777,343.0
19778,291.0
19779,240.0
19780,202.0
19781,181.0
19782,195.0
19783,226.0
19784,260.0
19785,336.0
19786,476.0
19787,528.0
19788,534.0
19789,472.0
19790,505.0
19791,498.0
19792,486.0
19793,497.0
19794,509.0
19795,540.0
19796,519.0
19797,485.0
19798,486.0
19799,475.0
19800,445.0
19801,355.0
19802,301.0
19803,248.0
19804,209.0
19805,187.0
19806,201.0
19807,233.0
19808,269.0
19809,347.0
19810,493.0
19811,547.0
19812,552.0
19813,488.0
19814,522.0
19815,516.0
19816,503.0
19817,514.0
19818,527.0
19819,559.0
19820,537.0
19821,502.0
19822,503.0
19823,491.0
19824,426.0
19825,340.0
19826,288.0
19827,238.0
19828,200.0
19829,179.0
19830,192.0
19831,223.0
19832,257.0
19833,332.0
19834,472.0
19835,523.0
19836,528.0
19837,467.0
19838,500.0
19839,493.0
19840,481.0
19841,492.0
19842,504.0
19843,535.0
19844,514.0
19845,480.0
19846,481.0
19847,470.0
19848,411.0
19849,328.0
19850,278.0
19851,230.0
19852,193.0
19853,173.0
19854,186.0
19855,216.0
19856,248.0
19857,321.0
19858,456.0
19859,505.0
19860,510.0
19861,451.0
19862,483.0
19863,477.0
19864,464.0
19865,475.0
19866,487.0
19867,517.0
19868,496.0
19869,463.0
19870,465.0
19871,454.0
19872,296.0
19873,236.0
19874,200.0
19875,165.0
19876,139.0
19877,124.0
19878,134.0
19879,155.0
19880,179.0
19881,231.0
19882,328.0
19883,363.0
19884,367.0
19885,325.0
19886,347.0
19887,343.0
19888,334.0
19889,342.0
19890,350.0
19891,372.0
19892,357.0
19893,334.0
19894,335.0
19895,327.0
19896,295.0
19897,235.0
19898,199.0
19899,165.0
19900,139.0
19901,124.0
19902,133.0
19903,155.0
19904,178.0
19905,230.0
19906,327.0
19907,362.0
19908,366.0
19909,324.0
19910,346.0
19911,342.0
19912,333.0
19913,341.0
19914,349.0
19915,371.0
19916,356.0
19917,332.0
19918,334.0
19919,326.0
19920,444.0
19921,354.0
19922,300.0
19923,248.0
19924,208.0
19925,187.0
19926,201.0
19927,233.0
19928,268.0
19929,346.0
19930,491.0
19931,545.0
19932,550.0
19933,487.0
19934,520.0
19935,514.0
19936,501.0
19937,512.0
19938,525.0
19939,557.0
19940,535.0
19941,500.0
19942,502.0
19943,490.0
19944,434.0
19945,346.0
19946,293.0
19947,242.0
19948,204.0
19949,182.0
19950,196.0
19951,228.0
19952,262.0
19953,339.0
19954,481.0
19955,533.0
19956,538.0
19957,476.0
19958,509.0
19959,503.0
19960,490.0
19961,501.0
19962,514.0
19963,545.0
19964,524.0
19965,489.0
19966,491.0
19967,479.0
19968,449.0
19969,358.0
19970,303.0
19971,250.0
19972,211.0
19973,189.0
19974,203.0
19975,235.0
19976,271.0
19977,350.0
19978,497.0
19979,551.0
19980,557.0
19981,493.0
19982,527.0
19983,520.0
19984,507.0
19985,519.0
19986,531.0
19987,564.0
19988,542.0
19989,506.0
19990,508.0
19991,496.0
19992,429.0
19993,343.0
19994,290.0
19995,240.0
19996,202.0
19997,181.0
19998,194.0
19999,225.0
20000,259.0
20001,335.0
20002,476.0
20003,527.0
20004,533.0
20005,471.0
20006,504.0
20007,498.0
20008,485.0
20009,496.0
20010,508.0
20011,539.0
20012,518.0
20013,484.0
20014,486.0
20015,474.0
20016,415.0
20017,331.0
20018,280.0
20019,232.0
20020,195.0
20021,175.0
20022,188.0
20023,218.0
20024,251.0
20025,324.0
20026,460.0
20027,510.0
20028,515.0
20029,455.0
20030,487.0
20031,481.0
20032,469.0
20033,480.0
20034,491.0
20035,521.0
20036,501.0
20037,468.0
20038,469.0
20039,458.0
20040,300.0
20041,239.0
20042,202.0
20043,167.0
20044,141.0
20045,126.0
20046,136.0
20047,157.0
20048,181.0
20049,234.0
20050,332.0
20051,368.0
20052,372.0
20053,329.0
20054,352.0
20055,347.0
20056,338.0
20057,346.0
20058,355.0
20059,377.0
20060,362.0
20061,338.0
20062,339.0
20063,331.0
20064,299.0
20065,238.0
20066,202.0
20067,167.0
20068,140.0
20069,126.0
20070,135.0
20071,157.0
20072,180.0
20073,233.0
20074,331.0
20075,367.0
20076,371.0
20077,328.0
20078,351.0
20079,346.0
20080,337.0
20081,345.0
20082,354.0
20083,375.0
20084,361.0
20085,337.0
20086,338.0
20087,330.0
20088,447.0
20089,357.0
20090,302.0
20091,250.0
20092,210.0
20093,188.0
20094,202.0
20095,235.0
20096,270.0
20097,349.0
20098,495.0
20099,549.0
20100,555.0
20101,491.0
20102,525.0
20103,518.0
20104,505.0
20105,517.0
20106,529.0
20107,562.0
20108,540.0
20109,504.0
20110,506.0
20111,494.0
20112,438.0
20113,349.0
20114,296.0
20115,244.0
20116,206.0
20117,184.0
20118,198.0
20119,229.0
20120,264.0
20121,341.0
20122,485.0
20123,537.0
20124,543.0
20125,480.0
20126,514.0
20127,507.0
20128,494.0
20129,506.0
20130,518.0
20131,550.0
20132,528.0
20133,493.0
20134,495.0
20135,483.0
20136,453.0
20137,361.0
20138,306.0
20139,253.0
20140,213.0
20141,190.0
20142,205.0
20143,237.0
20144,273.0
20145,353.0
20146,501.0
20147,556.0
20148,562.0
20149,497.0
20150,531.0
20151,524.0
20152,511.0
20153,523.0
20154,536.0
20155,568.0
20156,546.0
20157,510.0
20158,512.0
20159,500.0
20160,433.0
20161,346.0
20162,293.0
20163,242.0
20164,203.0
20165,182.0
20166,196.0
20167,227.0
20168,262.0
20169,338.0
20170,480.0
20171,532.0
20172,538.0
20173,475.0
20174,508.0
20175,502.0
20176,489.0
20177,500.0
20178,513.0
20179,544.0
20180,523.0
20181,488.0
20182,490.0
20183,478.0
20184,419.0
20185,334.0
20186,283.0
20187,234.0
20188,197.0
20189,176.0
20190,189.0
20191,220.0
20192,253.0
20193,327.0
20194,464.0
20195,514.0
20196,520.0
20197,460.0
20198,491.0
20199,485.0
20200,473.0
20201,484.0
20202,496.0
20203,526.0
20204,505.0
20205,472.0
20206,474.0
20207,462.0
20208,303.0
20209,242.0
20210,205.0
20211,169.0
20212,143.0
20213,128.0
20214,137.0
20215,159.0
20216,183.0
20217,237.0
20218,336.0
20219,373.0
20220,377.0
20221,333.0
20222,356.0
20223,352.0
20224,343.0
20225,351.0
20226,359.0
20227,381.0
20228,366.0
20229,342.0
20230,343.0
20231,335.0
20232,303.0
20233,241.0
20234,204.0
20235,169.0
20236,142.0
20237,127.0
20238,137.0
20239,159.0
20240,183.0
20241,236.0
20242,335.0
20243,371.0
20244,375.0
20245,332.0
20246,355.0
20247,350.0
20248,342.0
20249,349.0
20250,358.0
20251,380.0
20252,365.0
20253,341.0
20254,342.0
20255,334.0
20256,451.0
20257,360.0
20258,305.0
20259,252.0
20260,212.0
20261,190.0
20262,204.0
20263,236.0
20264,272.0
20265,352.0
20266,499.0
20267,554.0
20268,560.0
20269,495.0
20270,529.0
20271,522.0
20272,509.0
20273,521.0
20274,534.0
20275,566.0
20276,544.0
20277,508.0
20278,510.0
20279,498.0
20280,441.0
20281,352.0
20282,298.0
20283,246.0
20284,207.0
20285,186.0
20286,200.0
20287,231.0
20288,266.0
20289,344.0
20290,489.0
20291,542.0
20292,548.0
20293,484.0
20294,518.0
20295,511.0
20296,498.0
20297,510.0
20298,522.0
20299,554.0
20300,533.0
20301,497.0
20302,499.0
20303,487.0
20304,456.0
20305,364.0
20306,308.0
20307,255.0
20308,214.0
20309,192.0
20310,206.0
20311,239.0
20312,276.0
20313,356.0
20314,505.0
20315,560.0
20316,566.0
20317,501.0
20318,535.0
20319,529.0
20320,515.0
20321,527.0
20322,540.0
20323,573.0
20324,551.0
20325,514.0
20326,516.0
20327,504.0
20328,437.0
20329,349.0
20330,295.0
20331,244.0
20332,205.0
20333,184.0
20334,198.0
20335,229.0
20336,264.0
20337,341.0
20338,484.0
20339,536.0
20340,542.0
20341,479.0
20342,513.0
20343,506.0
20344,493.0
20345,505.0
20346,517.0
20347,549.0
20348,527.0
20349,492.0
20350,494.0
20351,482.0
20352,422.0
20353,337.0
20354,285.0
20355,236.0
20356,198.0
20357,178.0
20358,191.0
20359,222.0
20360,255.0
20361,330.0
20362,468.0
20363,519.0
20364,524.0
20365,464.0
20366,496.0
20367,489.0
20368,477.0
20369,488.0
20370,500.0
20371,531.0
20372,510.0
20373,476.0
20374,478.0
20375,466.0
20376,307.0
20377,245.0
20378,207.0
20379,171.0
20380,144.0
20381,129.0
20382,139.0
20383,161.0
20384,185.0
20385,240.0
20386,340.0
20387,377.0
20388,381.0
20389,337.0
20390,360.0
20391,356.0
20392,347.0
20393,355.0
20394,364.0
20395,386.0
20396,371.0
20397,346.0
20398,347.0
20399,339.0
20400,306.0
20401,244.0
20402,207.0
20403,171.0
20404,144.0
20405,129.0
20406,138.0
20407,161.0
20408,185.0
20409,239.0
20410,339.0
20411,376.0
20412,380.0
20413,336.0
20414,359.0
20415,355.0
20416,346.0
20417,354.0
20418,362.0
20419,385.0
20420,370.0
20421,345.0
20422,346.0
20423,338.0
20424,455.0
20425,363.0
20426,307.0
20427,254.0
20428,214.0
20429,191.0
20430,206.0
20431,238.0
20432,275.0
20433,355.0
20434,504.0
20435,558.0
20436,564.0
20437,499.0
20438,534.0
20439,527.0
20440,513.0
20441,525.0
20442,538.0
20443,571.0
20444,549.0
20445,512.0
20446,514.0
20447,502.0
20448,445.0
20449,355.0
20450,301.0
20451,248.0
20452,209.0
20453,187.0
20454,201.0
20455,233.0
20456,269.0
20457,347.0
20458,493.0
20459,546.0
20460,552.0
20461,488.0
20462,522.0
20463,516.0
20464,502.0
20465,514.0
20466,527.0
20467,559.0
20468,537.0
20469,501.0
20470,503.0
20471,491.0
20472,460.0
20473,367.0
20474,311.0
20475,257.0
20476,216.0
20477,193.0
20478,208.0
20479,241.0
20480,278.0
20481,359.0
20482,509.0
20483,565.0
20484,571.0
20485,505.0
20486,540.0
20487,533.0
20488,519.0
20489,531.0
20490,545.0
20491,578.0
20492,555.0
20493,518.0
20494,520.0
20495,508.0
20496,441.0
20497,352.0
20498,298.0
20499,246.0
20500,207.0
20501,185.0
20502,199.0
20503,231.0
20504,266.0
20505,344.0
20506,488.0
20507,541.0
20508,547.0
20509,484.0
20510,517.0
20511,510.0
20512,497.0
20513,509.0
20514,522.0
20515,553.0
20516,532.0
20517,496.0
20518,498.0
20519,486.0
20520,426.0
20521,340.0
20522,288.0
20523,238.0
20524,200.0
20525,179.0
20526,193.0
20527,223.0
20528,257.0
20529,333.0
20530,472.0
20531,523.0
20532,529.0
20533,468.0
20534,500.0
20535,494.0
20536,481.0
20537,492.0
20538,504.0
20539,535.0
20540,514.0
20541,480.0
20542,482.0
20543,471.0
20544,311.0
20545,248.0
20546,210.0
20547,173.0
20548,146.0
20549,131.0
20550,141.0
20551,163.0
20552,188.0
20553,243.0
20554,344.0
20555,382.0
20556,386.0
20557,341.0
20558,365.0
20559,360.0
20560,351.0
20561,359.0
20562,368.0
20563,391.0
20564,375.0
20565,350.0
20566,352.0
20567,343.0
20568,310.0
20569,247.0
20570,209.0
20571,173.0
20572,146.0
20573,130.0
20574,140.0
20575,163.0
20576,187.0
20577,242.0
20578,343.0
20579,381.0
20580,385.0
20581,340.0
20582,364.0
20583,359.0
20584,350.0
20585,358.0
20586,367.0
20587,389.0
20588,374.0
20589,349.0
20590,350.0
20591,342.0
20592,458.0
20593,366.0
20594,310.0
20595,256.0
20596,215.0
20597,193.0
20598,207.0
20599,240.0
20600,277.0
20601,358.0
20602,508.0
20603,563.0
20604,569.0
20605,503.0
20606,538.0
20607,531.0
20608,518.0
20609,530.0
20610,543.0
20611,576.0
20612,553.0
20613,516.0
20614,518.0
20615,506.0
20616,449.0
20617,358.0
20618,303.0
20619,250.0
20620,211.0
20621,189.0
20622,203.0
20623,235.0
20624,271.0
20625,350.0
20626,497.0
20627,551.0
20628,557.0
20629,492.0
20630,527.0
20631,520.0
20632,507.0
20633,518.0
20634,531.0
20635,564.0
20636,542.0
20637,506.0
20638,507.0
20639,495.0
20640,464.0
20641,370.0
20642,313.0
20643,259.0
20644,218.0
20645,195.0
20646,210.0
20647,243.0
20648,280.0
20649,362.0
20650,514.0
20651,569.0
20652,575.0
20653,509.0
20654,544.0
20655,537.0
20656,524.0
20657,536.0
20658,549.0
20659,582.0
20660,560.0
20661,522.0
20662,524.0
20663,512.0
20664,444.0
20665,355.0
20666,300.0
20667,248.0
20668,209.0
20669,187.0
20670,201.0
20671,233.0
20672,268.0
20673,347.0
20674,492.0
20675,546.0
20676,551.0
20677,488.0
20678,521.0
20679,515.0
20680,502.0
20681,513.0
20682,526.0
20683,558.0
20684,536.0
20685,501.0
20686,502.0
20687,491.0
20688,430.0
20689,343.0
20690,290.0
20691,240.0
20692,202.0
20693,181.0
20694,194.0
20695,225.0
20696,260.0
20697,335.0
20698,476.0
20699,528.0
20700,533.0
20701,472.0
20702,504.0
20703,498.0
20704,485.0
20705,497.0
20706,509.0
20707,540.0
20708,519.0
20709,484.0
20710,486.0
20711,475.0
20712,315.0
20713,251.0
20714,212.0
20715,176.0
20716,148.0
20717,132.0
20718,142.0
20719,165.0
20720,190.0
20721,245.0
20722,348.0
20723,386.0
20724,390.0
20725,345.0
20726,369.0
20727,364.0
20728,355.0
20729,363.0
20730,372.0
20731,395.0
20732,380.0
20733,354.0
20734,356.0
20735,347.0
20736,314.0
20737,250.0
20738,212.0
20739,175.0
20740,147.0
20741,132.0
20742,142.0
20743,164.0
20744,189.0
20745,245.0
20746,347.0
20747,385.0
20748,389.0
20749,344.0
20750,368.0
20751,363.0
20752,354.0
20753,362.0
20754,371.0
20755,394.0
20756,379.0
20757,353.0
20758,355.0
20759,346.0
20760,462.0
20761,369.0
20762,312.0
20763,258.0
20764,217.0
20765,194.0
20766,209.0
20767,242.0
20768,279.0
20769,361.0
20770,512.0
20771,567.0
20772,573.0
20773,507.0
20774,542.0
20775,535.0
20776,522.0
20777,534.0
20778,547.0
20779,580.0
20780,558.0
20781,521.0
20782,523.0
20783,510.0
20784,452.0
20785,361.0
20786,306.0
20787,253.0
20788,213.0
20789,190.0
20790,205.0
20791,237.0
20792,273.0
20793,353.0
20794,501.0
20795,556.0
20796,561.0
20797,497.0
20798,531.0
20799,524.0
20800,511.0
20801,523.0
20802,536.0
20803,568.0
20804,546.0
20805,510.0
20806,512.0
20807,500.0
20808,467.0
20809,373.0
20810,316.0
20811,261.0
20812,220.0
20813,197.0
20814,211.0
20815,245.0
20816,282.0
20817,365.0
20818,518.0
20819,574.0
20820,580.0
20821,513.0
20822,548.0
20823,542.0
20824,528.0
20825,540.0
20826,553.0
20827,587.0
20828,564.0
20829,527.0
20830,529.0
20831,516.0
20832,448.0
20833,358.0
20834,303.0
20835,250.0
20836,210.0
20837,188.0
20838,203.0
20839,235.0
20840,271.0
20841,350.0
20842,496.0
20843,550.0
20844,556.0
20845,492.0
20846,526.0
20847,519.0
20848,506.0
20849,518.0
20850,530.0
20851,563.0
20852,541.0
20853,505.0
20854,507.0
20855,495.0
20856,434.0
20857,346.0
20858,293.0
20859,242.0
20860,204.0
20861,182.0
20862,196.0
20863,227.0
20864,262.0
20865,338.0
20866,480.0
20867,532.0
20868,538.0
20869,476.0
20870,509.0
20871,502.0
20872,490.0
20873,501.0
20874,513.0
20875,545.0
20876,523.0
20877,489.0
20878,490.0
20879,479.0
20880,318.0
20881,254.0
20882,215.0
20883,178.0
20884,150.0
20885,134.0
20886,144.0
20887,167.0
20888,192.0
20889,248.0
20890,353.0
20891,391.0
20892,395.0
20893,349.0
20894,374.0
20895,369.0
20896,359.0
20897,368.0
20898,377.0
20899,400.0
20900,384.0
20901,359.0
20902,360.0
20903,351.0
20904,317.0
20905,253.0
20906,214.0
20907,177.0
20908,149.0
20909,133.0
20910,143.0
20911,166.0
20912,192.0
20913,248.0
20914,351.0
20915,390.0
20916,394.0
20917,348.0
20918,372.0
20919,368.0
20920,358.0
20921,367.0
20922,376.0
20923,399.0
20924,383.0
20925,358.0
20926,359.0
20927,350.0
20928,466.0
20929,372.0
20930,315.0
20931,260.0
20932,219.0
20933,196.0
20934,211.0
20935,244.0
20936,281.0
20937,363.0
20938,516.0
20939,572.0
20940,578.0
20941,511.0
20942,547.0
20943,540.0
20944,526.0
20945,538.0
20946,551.0
20947,585.0
20948,562.0
20949,525.0
20950,527.0
20951,514.0
20952,456.0
20953,364.0
20954,308.0
20955,255.0
20956,214.0
20957,192.0
20958,206.0
20959,239.0
20960,275.0
20961,356.0
20962,505.0
20963,560.0
20964,566.0
20965,501.0
20966,535.0
20967,529.0
20968,515.0
20969,527.0
20970,540.0
20971,573.0
20972,551.0
20973,514.0
20974,516.0
20975,504.0
20976,471.0
20977,376.0
20978,318.0
20979,263.0
20980,221.0
20981,198.0
20982,213.0
20983,247.0
20984,284.0
20985,368.0
20986,522.0
20987,578.0
20988,585.0
20989,517.0
20990,553.0
20991,546.0
20992,532.0
20993,544.0
20994,558.0
20995,592.0
20996,569.0
20997,531.0
20998,533.0
20999,520.0
21000,452.0
21001,361.0
21002,305.0
21003,252.0
21004,212.0
21005,190.0
21006,204.0
21007,237.0
21008,273.0
21009,352.0
21010,500.0
21011,555.0
21012,561.0
21013,496.0
21014,530.0
21015,523.0
21016,510.0
21017,522.0
21018,535.0
21019,567.0
21020,545.0
21021,509.0
21022,511.0
21023,499.0
21024,437.0
21025,349.0
21026,295.0
21027,244.0
21028,205.0
21029,184.0
21030,198.0
21031,229.0
21032,264.0
21033,341.0
21034,484.0
21035,537.0
21036,543.0
21037,480.0
21038,513.0
21039,507.0
21040,494.0
21041,505.0
21042,518.0
21043,549.0
21044,528.0
21045,493.0
21046,494.0
21047,483.0
21048,322.0
21049,257.0
21050,218.0
21051,180.0
21052,151.0
21053,135.0
21054,146.0
21055,169.0
21056,194.0
21057,251.0
21058,357.0
21059,395.0
21060,400.0
21061,353.0
21062,378.0
21063,373.0
21064,364.0
21065,372.0
21066,381.0
21067,404.0
21068,389.0
21069,363.0
21070,364.0
21071,356.0
21072,321.0
21073,256.0
21074,217.0
21075,179.0
21076,151.0
21077,135.0
21078,145.0
21079,168.0
21080,194.0
21081,251.0
21082,356.0
21083,394.0
21084,398.0
21085,352.0
21086,377.0
21087,372.0
21088,363.0
21089,371.0
21090,380.0
21091,403.0
21092,388.0
21093,362.0
21094,363.0
21095,354.0
21096,470.0
21097,375.0
21098,317.0
21099,262.0
21100,221.0
21101,197.0
21102,212.0
21103,246.0
21104,284.0
21105,366.0
21106,520.0
21107,577.0
21108,583.0
21109,515.0
21110,551.0
21111,544.0
21112,530.0
21113,542.0
21114,556.0
21115,590.0
21116,567.0
21117,529.0
21118,531.0
21119,518.0
21120,460.0
21121,367.0
21122,311.0
21123,257.0
21124,216.0
21125,193.0
21126,208.0
21127,241.0
21128,278.0
21129,359.0
21130,509.0
21131,565.0
21132,571.0
21133,505.0
21134,540.0
21135,533.0
21136,519.0
21137,531.0
21138,544.0
21139,578.0
21140,555.0
21141,518.0
21142,520.0
21143,508.0
21144,475.0
21145,379.0
21146,321.0
21147,265.0
21148,223.0
21149,200.0
21150,215.0
21151,249.0
21152,287.0
21153,371.0
21154,526.0
21155,583.0
21156,589.0
21157,521.0
21158,557.0
21159,550.0
21160,536.0
21161,549.0
21162,562.0
21163,596.0
21164,573.0
21165,535.0
21166,537.0
21167,524.0
21168,455.0
21169,363.0
21170,308.0
21171,254.0
21172,214.0
21173,192.0
21174,206.0
21175,239.0
21176,275.0
21177,355.0
21178,504.0
21179,559.0
21180,565.0
21181,500.0
21182,534.0
21183,528.0
21184,514.0
21185,526.0
21186,539.0
21187,572.0
21188,550.0
21189,513.0
21190,515.0
21191,503.0
21192,441.0
21193,352.0
21194,298.0
21195,246.0
21196,207.0
21197,185.0
21198,199.0
21199,231.0
21200,266.0
21201,344.0
21202,488.0
21203,542.0
21204,547.0
21205,484.0
21206,518.0
21207,511.0
21208,498.0
21209,510.0
21210,522.0
21211,554.0
21212,532.0
21213,497.0
21214,499.0
21215,487.0
21216,326.0
21217,260.0
21218,220.0
21219,182.0
21220,153.0
21221,137.0
21222,147.0
21223,171.0
21224,197.0
21225,254.0
21226,361.0
21227,400.0
21228,404.0
21229,357.0
21230,382.0
21231,377.0
21232,368.0
21233,376.0
21234,386.0
21235,409.0
21236,393.0
21237,367.0
21238,368.0
21239,360.0
21240,325.0
21241,259.0
21242,219.0
21243,181.0
21244,153.0
21245,137.0
21246,147.0
21247,170.0
21248,196.0
21249,253.0
21250,360.0
21251,399.0
21252,403.0
21253,356.0
21254,381.0
21255,376.0
21256,367.0
21257,375.0
21258,384.0
21259,408.0
21260,392.0
21261,366.0
21262,367.0
21263,359.0
21264,473.0
21265,378.0
21266,320.0
21267,264.0
21268,222.0
21269,199.0
21270,214.0
21271,248.0
21272,286.0
21273,369.0
21274,524.0
21275,581.0
21276,587.0
21277,519.0
21278,555.0
21279,548.0
21280,534.0
21281,547.0
21282,560.0
21283,594.0
21284,571.0
21285,533.0
21286,535.0
21287,522.0
21288,464.0
21289,370.0
21290,313.0
21291,259.0
21292,218.0
21293,195.0
21294,210.0
21295,243.0
21296,280.0
21297,362.0
21298,513.0
21299,569.0
21300,575.0
21301,509.0
21302,544.0
21303,537.0
21304,523.0
21305,536.0
21306,549.0
21307,582.0
21308,560.0
21309,522.0
21310,524.0
21311,512.0
21312,479.0
21313,382.0
21314,323.0
21315,267.0
21316,225.0
21317,201.0
21318,216.0
21319,251.0
21320,289.0
21321,373.0
21322,530.0
21323,588.0
21324,594.0
21325,525.0
21326,562.0
21327,554.0
21328,540.0
21329,553.0
21330,566.0
21331,601.0
21332,578.0
21333,539.0
21334,541.0
21335,528.0
21336,459.0
21337,366.0
21338,310.0
21339,256.0
21340,216.0
21341,193.0
21342,208.0
21343,241.0
21344,277.0
21345,358.0
21346,509.0
21347,564.0
21348,570.0
21349,504.0
21350,539.0
21351,532.0
21352,518.0
21353,530.0
21354,544.0
21355,577.0
21356,554.0
21357,517.0
21358,519.0
21359,507.0
21360,445.0
21361,355.0
21362,300.0
21363,248.0
21364,209.0
21365,187.0
21366,201.0
21367,233.0
21368,269.0
21369,347.0
21370,493.0
21371,546.0
21372,552.0
21373,488.0
21374,522.0
21375,515.0
21376,502.0
21377,514.0
21378,526.0
21379,559.0
21380,537.0
21381,501.0
21382,503.0
21383,491.0
21384,329.0
21385,263.0
21386,223.0
21387,184.0
21388,155.0
21389,139.0
21390,149.0
21391,173.0
21392,199.0
21393,257.0
21394,365.0
21395,405.0
21396,409.0
21397,362.0
21398,387.0
21399,382.0
21400,372.0
21401,381.0
21402,390.0
21403,414.0
21404,398.0
21405,371.0
21406,373.0
21407,364.0
21408,329.0
21409,262.0
21410,222.0
21411,183.0
21412,154.0
21413,138.0
21414,149.0
21415,172.0
21416,198.0
21417,256.0
21418,364.0
21419,403.0
21420,408.0
21421,361.0
21422,385.0
21423,381.0
21424,371.0
21425,380.0
21426,389.0
21427,413.0
21428,397.0
21429,370.0
21430,371.0
21431,363.0
21432,477.0
21433,381.0
21434,322.0
21435,266.0
21436,224.0
21437,201.0
21438,216.0
21439,250.0
21440,288.0
21441,372.0
21442,528.0
21443,586.0
21444,592.0
21445,523.0
21446,560.0
21447,553.0
21448,539.0
21449,551.0
21450,565.0
21451,599.0
21452,576.0
21453,537.0
21454,539.0
21455,527.0
21456,467.0
21457,373.0
21458,316.0
21459,261.0
21460,220.0
21461,197.0
21462,211.0
21463,245.0
21464,282.0
21465,365.0
21466,518.0
21467,574.0
21468,580.0
21469,513.0
21470,548.0
21471,541.0
21472,528.0
21473,540.0
21474,553.0
21475,587.0
21476,564.0
21477,527.0
21478,528.0
21479,516.0
21480,482.0
21481,385.0
21482,326.0
21483,269.0
21484,227.0
21485,203.0
21486,218.0
21487,253.0
21488,291.0
21489,376.0
21490,534.0
21491,592.0
21492,598.0
21493,529.0
21494,566.0
21495,559.0
21496,544.0
21497,557.0
21498,571.0
21499,606.0
21500,582.0
21501,543.0
21502,545.0
21503,532.0
21504,463.0
21505,369.0
21506,313.0
21507,258.0
21508,217.0
21509,195.0
21510,209.0
21511,243.0
21512,280.0
21513,361.0
21514,513.0
21515,568.0
21516,574.0
21517,508.0
21518,543.0
21519,536.0
21520,523.0
21521,535.0
21522,548.0
21523,581.0
21524,559.0
21525,522.0
21526,523.0
21527,511.0
21528,448.0
21529,358.0
21530,303.0
21531,250.0
21532,211.0
21533,189.0
21534,203.0
21535,235.0
21536,271.0
21537,350.0
21538,497.0
21539,551.0
21540,556.0
21541,492.0
21542,526.0
21543,520.0
21544,506.0
21545,518.0
21546,531.0
21547,563.0
21548,541.0
21549,505.0
21550,507.0
21551,495.0
21552,333.0
21553,266.0
21554,225.0
21555,186.0
21556,156.0
21557,140.0
21558,151.0
21559,175.0
21560,201.0
21561,260.0
21562,369.0
21563,409.0
21564,413.0
21565,366.0
21566,391.0
21567,386.0
21568,376.0
21569,385.0
21570,394.0
21571,418.0
21572,402.0
21573,375.0
21574,377.0
21575,368.0
21576,332.0
21577,265.0
21578,224.0
21579,185.0
21580,156.0
21581,140.0
21582,150.0
21583,174.0
21584,201.0
21585,259.0
21586,368.0
21587,408.0
21588,412.0
21589,365.0
21590,390.0
21591,385.0
21592,375.0
21593,384.0
21594,393.0
21595,417.0
21596,401.0
21597,374.0
21598,376.0
21599,367.0
21600,481.0
21601,384.0
21602,325.0
21603,268.0
21604,226.0
21605,202.0
21606,217.0
21607,252.0
21608,290.0
21609,375.0
21610,532.0
21611,590.0
21612,596.0
21613,528.0
21614,564.0
21615,557.0
21616,543.0
21617,555.0
21618,569.0
21619,604.0
21620,580.0
21621,542.0
21622,544.0
21623,531.0
21624,471.0
21625,376.0
21626,318.0
21627,263.0
21628,221.0
21629,198.0
21630,213.0
21631,247.0
21632,284.0
21633,368.0
21634,522.0
21635,578.0
21636,584.0
21637,517.0
21638,553.0
21639,546.0
21640,532.0
21641,544.0
21642,558.0
21643,592.0
21644,569.0
21645,531.0
21646,533.0
21647,520.0
21648,486.0
21649,388.0
21650,328.0
21651,271.0
21652,228.0
21653,204.0
21654,220.0
21655,255.0
21656,293.0
21657,379.0
21658,538.0
21659,597.0
21660,603.0
21661,533.0
21662,570.0
21663,563.0
21664,549.0
21665,561.0
21666,575.0
21667,610.0
21668,587.0
21669,548.0
21670,550.0
21671,537.0
21672,467.0
21673,372.0
21674,315.0
21675,260.0
21676,219.0
21677,196.0
21678,211.0
21679,245.0
21680,282.0
21681,364.0
21682,517.0
21683,573.0
21684,579.0
21685,512.0
21686,548.0
21687,541.0
21688,527.0
21689,539.0
21690,552.0
21691,586.0
21692,563.0
21693,526.0
21694,528.0
21695,515.0
21696,452.0
21697,361.0
21698,305.0
21699,252.0
21700,212.0
21701,190.0
21702,204.0
21703,237.0
21704,273.0
21705,353.0
21706,501.0
21707,555.0
21708,561.0
21709,496.0
21710,531.0
21711,524.0
21712,511.0
21713,522.0
21714,535.0
21715,568.0
21716,546.0
21717,509.0
21718,511.0
21719,499.0
21720,337.0
21721,269.0
21722,228.0
21723,188.0
21724,158.0
21725,142.0
21726,152.0
21727,177.0
21728,203.0
21729,263.0
21730,373.0
21731,414.0
21732,418.0
21733,370.0
21734,395.0
21735,390.0
21736,380.0
21737,389.0
21738,399.0
21739,423.0
21740,407.0
21741,380.0
21742,381.0
21743,372.0
21744,336.0
21745,268.0
21746,227.0
21747,187.0
21748,158.0
21749,141.0
21750,152.0
21751,176.0
21752,203.0
21753,262.0
21754,372.0
21755,412.0
21756,417.0
21757,369.0
21758,394.0
21759,389.0
21760,379.0
21761,388.0
21762,398.0
21763,422.0
21764,405.0
21765,378.0
21766,380.0
21767,371.0
21768,484.0
21769,387.0
21770,327.0
21771,270.0
21772,228.0
21773,204.0
21774,219.0
21775,254.0
21776,292.0
21777,378.0
21778,536.0
21779,595.0
21780,601.0
21781,532.0
21782,568.0
21783,561.0
21784,547.0
21785,560.0
21786,573.0
21787,608.0
21788,585.0
21789,546.0
21790,548.0
21791,535.0
21792,475.0
21793,379.0
21794,321.0
21795,265.0
21796,223.0
21797,200.0
21798,215.0
21799,249.0
21800,287.0
21801,370.0
21802,526.0
21803,583.0
21804,589.0
21805,521.0
21806,557.0
21807,550.0
21808,536.0
21809,548.0
21810,562.0
21811,596.0
21812,573.0
21813,535.0
21814,537.0
21815,524.0
21816,490.0
21817,391.0
21818,331.0
21819,273.0
21820,230.0
21821,206.0
21822,221.0
21823,257.0
21824,296.0
21825,382.0
21826,542.0
21827,601.0
21828,608.0
21829,537.0
21830,575.0
21831,567.0
21832,553.0
21833,566.0
21834,580.0
21835,615.0
21836,591.0
21837,552.0
21838,554.0
21839,541.0
21840,470.0
21841,375.0
21842,318.0
21843,262.0
21844,221.0
21845,198.0
21846,213.0
21847,247.0
21848,284.0
21849,367.0
21850,521.0
21851,577.0
21852,584.0
21853,516.0
21854,552.0
21855,545.0
21856,531.0
21857,543.0
21858,557.0
21859,591.0
21860,568.0
21861,530.0
21862,532.0
21863,519.0
21864,456.0
21865,364.0
21866,308.0
21867,254.0
21868,214.0
21869,192.0
21870,206.0
21871,239.0
21872,275.0
21873,356.0
21874,505.0
21875,560.0
21876,566.0
21877,500.0
21878,535.0
21879,528.0
21880,515.0
21881,527.0
21882,540.0
21883,573.0
21884,550.0
21885,514.0
21886,515.0
21887,503.0
21888,341.0
21889,272.0
21890,230.0
21891,190.0
21892,160.0
21893,143.0
21894,154.0
21895,179.0
21896,206.0
21897,266.0
21898,377.0
21899,418.0
21900,423.0
21901,374.0
21902,400.0
21903,395.0
21904,385.0
21905,393.0
21906,403.0
21907,428.0
21908,411.0
21909,384.0
21910,385.0
21911,376.0
21912,340.0
21913,271.0
21914,229.0
21915,190.0
21916,160.0
21917,143.0
21918,154.0
21919,178.0
21920,205.0
21921,265.0
21922,376.0
21923,417.0
21924,421.0
21925,373.0
21926,399.0
21927,394.0
21928,383.0
21929,392.0
21930,402.0
21931,427.0
21932,410.0
21933,383.0
21934,384.0
21935,375.0
21936,488.0
21937,390.0
21938,330.0
21939,272.0
21940,229.0
21941,205.0
21942,221.0
21943,256.0
21944,295.0
21945,381.0
21946,541.0
21947,599.0
21948,606.0
21949,536.0
21950,573.0
21951,566.0
21952,551.0
21953,564.0
21954,578.0
21955,613.0
21956,589.0
21957,550.0
21958,552.0
21959,539.0
21960,478.0
21961,382.0
21962,323.0
21963,267.0
21964,225.0
21965,201.0
21966,216.0
21967,251.0
21968,289.0
21969,373.0
21970,530.0
21971,587.0
21972,594.0
21973,525.0
21974,561.0
21975,554.0
21976,540.0
21977,553.0
21978,566.0
21979,601.0
21980,578.0
21981,539.0
21982,541.0
21983,528.0
21984,493.0
21985,394.0
21986,333.0
21987,275.0
21988,232.0
21989,207.0
21990,223.0
21991,259.0
21992,298.0
21993,385.0
21994,546.0
21995,606.0
21996,612.0
21997,541.0
21998,579.0
21999,572.0
22000,557.0
22001,570.0
22002,584.0
22003,620.0
22004,596.0
22005,556.0
22006,558.0
22007,545.0
22008,474.0
22009,378.0
22010,320.0
22011,265.0
22012,223.0
22013,199.0
22014,214.0
22015,249.0
22016,286.0
22017,370.0
22018,525.0
22019,582.0
22020,588.0
22021,520.0
22022,556.0
22023,549.0
22024,535.0
22025,548.0
22026,561.0
22027,595.0
22028,572.0
22029,534.0
22030,536.0
22031,523.0
22032,460.0
22033,367.0
22034,310.0
22035,256.0
22036,216.0
22037,193.0
22038,208.0
22039,241.0
22040,278.0
22041,359.0
22042,509.0
22043,564.0
22044,570.0
22045,504.0
22046,539.0
22047,532.0
22048,519.0
22049,531.0
22050,544.0
22051,577.0
22052,555.0
22053,518.0
22054,520.0
22055,507.0
22056,344.0
22057,275.0
22058,233.0
22059,192.0
22060,162.0
22061,145.0
22062,156.0
22063,181.0
22064,208.0
22065,269.0
22066,381.0
22067,423.0
22068,427.0
22069,378.0
22070,404.0
22071,399.0
22072,389.0
22073,398.0
22074,408.0
22075,432.0
22076,416.0
22077,388.0
22078,389.0
22079,380.0
22080,343.0
22081,274.0
22082,232.0
22083,192.0
22084,161.0
22085,144.0
22086,155.0
22087,180.0
22088,207.0
22089,268.0
22090,380.0
22091,422.0
22092,426.0
22093,377.0
22094,403.0
22095,398.0
22096,388.0
22097,397.0
22098,406.0
22099,431.0
22100,414.0
22101,387.0
22102,388.0
22103,379.0
22104,492.0
22105,393.0
22106,332.0
22107,274.0
22108,231.0
22109,207.0
22110,222.0
22111,258.0
22112,297.0
22113,384.0
22114,545.0
22115,604.0
22116,610.0
22117,540.0
22118,577.0
22119,570.0
22120,555.0
22121,568.0
22122,582.0
22123,618.0
22124,594.0
22125,554.0
22126,556.0
22127,543.0
22128,482.0
22129,385.0
22130,326.0
22131,269.0
22132,226.0
22133,203.0
22134,218.0
22135,253.0
22136,291.0
22137,376.0
22138,534.0
22139,592.0
22140,598.0
22141,529.0
22142,566.0
22143,559.0
22144,544.0
22145,557.0
22146,571.0
22147,606.0
22148,582.0
22149,543.0
22150,545.0
22151,532.0
22152,497.0
22153,397.0
22154,336.0
22155,277.0
22156,234.0
22157,209.0
22158,225.0
22159,261.0
22160,300.0
22161,388.0
22162,551.0
22163,610.0
22164,617.0
22165,546.0
22166,583.0
22167,576.0
22168,561.0
22169,574.0
22170,588.0
22171,624.0
22172,600.0
22173,560.0
22174,562.0
22175,549.0
22176,478.0
22177,381.0
22178,323.0
22179,267.0
22180,224.0
22181,201.0
22182,216.0
22183,251.0
22184,288.0
22185,373.0
22186,529.0
22187,587.0
22188,593.0
22189,524.0
22190,561.0
22191,554.0
22192,539.0
22193,552.0
22194,566.0
22195,600.0
22196,577.0
22197,538.0
22198,540.0
22199,527.0
22200,463.0
22201,370.0
22202,313.0
22203,259.0
22204,218.0
22205,195.0
22206,209.0
22207,243.0
22208,280.0
22209,362.0
22210,513.0
22211,569.0
22212,575.0
22213,508.0
22214,544.0
22215,537.0
22216,523.0
22217,535.0
22218,548.0
22219,582.0
22220,559.0
22221,522.0
22222,524.0
22223,512.0
22224,348.0
22225,278.0
22226,235.0
22227,194.0
22228,163.0
22229,146.0
22230,157.0
22231,182.0
22232,210.0
22233,272.0
22234,385.0
22235,427.0
22236,432.0
22237,382.0
22238,408.0
22239,403.0
22240,393.0
22241,402.0
22242,412.0
22243,437.0
22244,420.0
22245,392.0
22246,394.0
22247,384.0
22248,347.0
22249,277.0
22250,234.0
22251,194.0
22252,163.0
22253,146.0
22254,157.0
22255,182.0
22256,210.0
22257,271.0
22258,384.0
22259,426.0
22260,431.0
22261,381.0
22262,407.0
22263,402.0
22264,392.0
22265,401.0
22266,411.0
22267,436.0
22268,419.0
22269,391.0
22270,392.0
22271,383.0
22272,496.0
22273,395.0
22274,335.0
22275,277.0
22276,233.0
22277,208.0
22278,224.0
22279,260.0
22280,299.0
22281,387.0
22282,549.0
22283,608.0
22284,615.0
22285,544.0
22286,581.0
22287,574.0
22288,559.0
22289,573.0
22290,587.0
22291,622.0
22292,598.0
22293,558.0
22294,560.0
22295,547.0
22296,486.0
22297,388.0
22298,328.0
22299,271.0
22300,228.0
22301,204.0
22302,220.0
22303,255.0
22304,293.0
22305,379.0
22306,538.0
22307,597.0
22308,603.0
22309,533.0
22310,570.0
22311,563.0
22312,549.0
22313,561.0
22314,575.0
22315,610.0
22316,586.0
22317,547.0
22318,549.0
22319,536.0
22320,501.0
22321,400.0
22322,338.0
22323,279.0
22324,235.0
22325,211.0
22326,226.0
22327,263.0
22328,302.0
22329,391.0
22330,555.0
22331,615.0
22332,621.0
22333,550.0
22334,588.0
22335,580.0
22336,565.0
22337,579.0
22338,593.0
22339,629.0
22340,605.0
22341,564.0
22342,566.0
22343,553.0
22344,481.0
22345,384.0
22346,325.0
22347,269.0
22348,226.0
22349,202.0
22350,218.0
22351,252.0
22352,291.0
22353,376.0
22354,533.0
22355,591.0
22356,597.0
22357,528.0
22358,565.0
22359,558.0
22360,544.0
22361,556.0
22362,570.0
22363,605.0
22364,581.0
22365,542.0
22366,544.0
22367,532.0
22368,467.0
22369,373.0
22370,315.0
22371,261.0
22372,219.0
22373,196.0
22374,211.0
22375,245.0
22376,282.0
22377,364.0
22378,517.0
22379,573.0
22380,580.0
22381,513.0
22382,548.0
22383,541.0
22384,527.0
22385,540.0
22386,553.0
22387,587.0
22388,564.0
22389,526.0
22390,528.0
22391,516.0
22392,352.0
22393,281.0
22394,238.0
22395,196.0
22396,165.0
22397,148.0
22398,159.0
22399,184.0
22400,212.0
22401,274.0
22402,390.0
22403,432.0
22404,436.0
22405,386.0
22406,413.0
22407,408.0
22408,397.0
22409,406.0
22410,416.0
22411,442.0
22412,425.0
22413,396.0
22414,398.0
22415,388.0
22416,351.0
22417,280.0
22418,237.0
22419,196.0
22420,165.0
22421,147.0
22422,159.0
22423,184.0
22424,212.0
22425,274.0
22426,388.0
22427,431.0
22428,435.0
22429,385.0
22430,412.0
22431,406.0
22432,396.0
22433,405.0
22434,415.0
22435,441.0
22436,423.0
22437,395.0
22438,397.0
22439,387.0
22440,499.0
22441,398.0
22442,337.0
22443,279.0
22444,235.0
22445,210.0
22446,226.0
22447,262.0
22448,301.0
22449,390.0
22450,553.0
22451,613.0
22452,619.0
22453,548.0
22454,586.0
22455,578.0
22456,564.0
22457,577.0
22458,591.0
22459,627.0
22460,603.0
22461,562.0
22462,565.0
22463,551.0
22464,490.0
22465,391.0
22466,331.0
22467,273.0
22468,230.0
22469,206.0
22470,221.0
22471,257.0
22472,296.0
22473,382.0
22474,542.0
22475,601.0
22476,608.0
22477,537.0
22478,575.0
22479,567.0
22480,553.0
22481,566.0
22482,580.0
22483,615.0
22484,591.0
22485,552.0
22486,554.0
22487,541.0
22488,505.0
22489,403.0
22490,341.0
22491,282.0
22492,237.0
22493,212.0
22494,228.0
22495,265.0
22496,305.0
22497,394.0
22498,559.0
22499,619.0
22500,626.0
22501,554.0
22502,592.0
22503,585.0
22504,570.0
22505,583.0
22506,597.0
22507,634.0
22508,609.0
22509,568.0
22510,571.0
22511,557.0
22512,485.0
22513,387.0
22514,328.0
22515,271.0
22516,228.0
22517,204.0
22518,219.0
22519,254.0
22520,293.0
22521,379.0
22522,537.0
22523,596.0
22524,602.0
22525,532.0
22526,569.0
22527,562.0
22528,548.0
22529,561.0
22530,574.0
22531,609.0
22532,586.0
22533,547.0
22534,549.0
22535,536.0
22536,471.0
22537,376.0
22538,318.0
22539,263.0
22540,221.0
22541,198.0
22542,213.0
22543,247.0
22544,284.0
22545,367.0
22546,521.0
22547,578.0
22548,584.0
22549,517.0
22550,552.0
22551,545.0
22552,531.0
22553,544.0
22554,557.0
22555,591.0
22556,568.0
22557,530.0
22558,532.0
22559,520.0
22560,355.0
22561,284.0
22562,240.0
22563,198.0
22564,167.0
22565,149.0
22566,161.0
22567,186.0
22568,215.0
22569,277.0
22570,394.0
22571,436.0
22572,441.0
22573,390.0
22574,417.0
22575,412.0
22576,401.0
22577,411.0
22578,421.0
22579,446.0
22580,429.0
22581,400.0
22582,402.0
22583,392.0
22584,355.0
22585,283.0
22586,239.0
22587,198.0
22588,167.0
22589,149.0
22590,160.0
22591,186.0
22592,214.0
22593,277.0
22594,393.0
22595,435.0
22596,440.0
22597,389.0
22598,416.0
22599,411.0
22600,400.0
22601,410.0
22602,420.0
22603,445.0
22604,428.0
22605,399.0
22606,401.0
22607,391.0
22608,503.0
22609,401.0
22610,340.0
22611,281.0
22612,236.0
22613,211.0
22614,227.0
22615,264.0
22616,304.0
22617,392.0
22618,557.0
22619,618.0
22620,624.0
22621,552.0
22622,590.0
22623,583.0
22624,568.0
22625,581.0
22626,595.0
22627,632.0
22628,607.0
22629,567.0
22630,569.0
22631,555.0
22632,493.0
22633,394.0
22634,333.0
22635,275.0
22636,232.0
22637,207.0
22638,223.0
22639,259.0
22640,298.0
22641,385.0
22642,546.0
22643,606.0
22644,612.0
22645,541.0
22646,579.0
22647,572.0
22648,557.0
22649,570.0
22650,584.0
22651,620.0
22652,595.0
22653,556.0
22654,558.0
22655,545.0
22656,508.0
22657,406.0
22658,343.0
22659,284.0
22660,239.0
22661,214.0
22662,230.0
22663,267.0
22664,307.0
22665,397.0
22666,563.0
22667,624.0
22668,631.0
22669,558.0
22670,596.0
22671,589.0
22672,574.0
22673,587.0
22674,602.0
22675,638.0
22676,613.0
22677,573.0
22678,575.0
22679,561.0
22680,489.0
22681,390.0
22682,330.0
22683,273.0
22684,230.0
22685,206.0
22686,221.0
22687,256.0
22688,295.0
22689,381.0
22690,541.0
22691,600.0
22692,607.0
22693,537.0
22694,574.0
22695,566.0
22696,552.0
22697,565.0
22698,579.0
22699,614.0
22700,590.0
22701,551.0
22702,553.0
22703,540.0
22704,474.0
22705,379.0
22706,320.0
22707,265.0
22708,223.0
22709,200.0
22710,215.0
22711,249.0
22712,286.0
22713,370.0
22714,525.0
22715,583.0
22716,589.0
22717,521.0
22718,557.0
22719,550.0
22720,536.0
22721,548.0
22722,562.0
22723,596.0
22724,573.0
22725,535.0
22726,536.0
22727,524.0
22728,359.0
22729,287.0
22730,243.0
22731,200.0
22732,169.0
22733,151.0
22734,162.0
22735,188.0
22736,217.0
22737,280.0
22738,398.0
22739,441.0
22740,446.0
22741,394.0
22742,421.0
22743,416.0
22744,406.0
22745,415.0
22746,425.0
22747,451.0
22748,434.0
22749,405.0
22750,406.0
22751,397.0
22752,358.0
22753,286.0
22754,242.0
22755,200.0
22756,168.0
22757,151.0
22758,162.0
22759,188.0
22760,216.0
22761,280.0
22762,397.0
22763,440.0
22764,444.0
22765,393.0
22766,420.0
22767,415.0
22768,404.0
22769,414.0
22770,424.0
22771,450.0
22772,432.0
22773,404.0
22774,405.0
22775,395.0
22776,507.0
22777,404.0
22778,342.0
22779,283.0
22780,238.0
22781,213.0
22782,229.0
22783,266.0
22784,306.0
22785,395.0
22786,561.0
22787,622.0
22788,629.0
22789,556.0
22790,595.0
22791,587.0
22792,572.0
22793,585.0
22794,600.0
22795,636.0
22796,612.0
22797,571.0
22798,573.0
22799,559.0
22800,497.0
22801,397.0
22802,336.0
22803,277.0
22804,233.0
22805,209.0
22806,225.0
22807,261.0
22808,300.0
22809,388.0
22810,550.0
22811,610.0
22812,617.0
22813,545.0
22814,583.0
22815,576.0
22816,561.0
22817,574.0
22818,588.0
22819,624.0
22820,600.0
22821,560.0
22822,562.0
22823,549.0
22824,512.0
22825,409.0
22826,346.0
22827,286.0
22828,240.0
22829,215.0
22830,231.0
22831,268.0
22832,309.0
22833,399.0
22834,567.0
22835,629.0
22836,635.0
22837,562.0
22838,601.0
22839,593.0
22840,578.0
22841,591.0
22842,606.0
22843,643.0
22844,618.0
22845,577.0
22846,579.0
22847,565.0
22848,493.0
22849,393.0
22850,333.0
22851,275.0
22852,231.0
22853,207.0
22854,223.0
22855,258.0
22856,297.0
22857,384.0
22858,546.0
22859,605.0
22860,611.0
22861,541.0
22862,578.0
22863,571.0
22864,556.0
22865,569.0
22866,583.0
22867,619.0
22868,595.0
22869,555.0
22870,557.0
22871,544.0
22872,478.0
22873,382.0
22874,323.0
22875,267.0
22876,225.0
22877,201.0
22878,216.0
22879,251.0
22880,289.0
22881,373.0
22882,530.0
22883,587.0
22884,593.0
22885,525.0
22886,561.0
22887,554.0
22888,540.0
22889,552.0
22890,566.0
22891,601.0
22892,577.0
22893,539.0
22894,541.0
22895,528.0
22896,363.0
22897,290.0
22898,245.0
22899,203.0
22900,170.0
22901,153.0
22902,164.0
22903,190.0
22904,219.0
22905,283.0
22906,402.0
22907,446.0
22908,450.0
22909,398.0
22910,426.0
22911,420.0
22912,410.0
22913,419.0
22914,430.0
22915,456.0
22916,438.0
22917,409.0
22918,410.0
22919,401.0
22920,362.0
22921,289.0
22922,244.0
22923,202.0
22924,170.0
22925,152.0
22926,164.0
22927,190.0
22928,219.0
22929,282.0
22930,401.0
22931,444.0
22932,449.0
22933,397.0
22934,425.0
22935,419.0
22936,409.0
22937,418.0
22938,428.0
22939,455.0
22940,437.0
22941,408.0
22942,409.0
22943,400.0
22944,510.0
22945,407.0
22946,345.0
22947,285.0
22948,240.0
22949,215.0
22950,231.0
22951,268.0
22952,308.0
22953,398.0
22954,565.0
22955,627.0
22956,633.0
22957,560.0
22958,599.0
22959,591.0
22960,576.0
22961,590.0
22962,604.0
22963,641.0
22964,616.0
22965,575.0
22966,577.0
22967,563.0
22968,501.0
22969,400.0
22970,338.0
22971,279.0
22972,235.0
22973,211.0
22974,226.0
22975,263.0
22976,302.0
22977,391.0
22978,555.0
22979,615.0
22980,621.0
22981,550.0
22982,588.0
22983,580.0
22984,565.0
22985,579.0
22986,593.0
22987,629.0
22988,604.0
22989,564.0
22990,566.0
22991,553.0
22992,516.0
22993,412.0
22994,348.0
22995,288.0
22996,242.0
22997,217.0
22998,233.0
22999,270.0
23000,311.0
23001,402.0
23002,571.0
23003,633.0
23004,640.0
23005,566.0
23006,605.0
23007,597.0
23008,582.0
23009,596.0
23010,610.0
23011,648.0
23012,622.0
23013,581.0
23014,583.0
23015,569.0
23016,496.0
23017,396.0
23018,335.0
23019,277.0
23020,233.0
23021,209.0
23022,224.0
23023,260.0
23024,300.0
23025,387.0
23026,550.0
23027,609.0
23028,616.0
23029,545.0
23030,582.0
23031,575.0
23032,560.0
23033,573.0
23034,588.0
23035,623.0
23036,599.0
23037,559.0
23038,561.0
23039,548.0
23040,482.0
23041,385.0
23042,325.0
23043,269.0
23044,226.0
23045,203.0
23046,218.0
23047,253.0
23048,291.0
23049,376.0
23050,534.0
23051,592.0
23052,598.0
23053,529.0
23054,565.0
23055,558.0
23056,544.0
23057,557.0
23058,570.0
23059,605.0
23060,582.0
23061,543.0
23062,545.0
23063,532.0
23064,367.0
23065,293.0
23066,248.0
23067,205.0
23068,172.0
23069,154.0
23070,166.0
23071,192.0
23072,221.0
23073,286.0
23074,406.0
23075,450.0
23076,455.0
23077,402.0
23078,430.0
23079,425.0
23080,414.0
23081,424.0
23082,434.0
23083,460.0
23084,442.0
23085,413.0
23086,415.0
23087,405.0
23088,366.0
23089,292.0
23090,247.0
23091,204.0
23092,172.0
23093,154.0
23094,165.0
23095,192.0
23096,221.0
23097,285.0
23098,405.0
23099,449.0
23100,454.0
23101,401.0
23102,429.0
23103,424.0
23104,413.0
23105,422.0
23106,433.0
23107,459.0
23108,441.0
23109,412.0
23110,413.0
23111,404.0
23112,514.0
23113,410.0
23114,347.0
23115,287.0
23116,241.0
23117,216.0
23118,232.0
23119,270.0
23120,310.0
23121,401.0
23122,569.0
23123,631.0
23124,638.0
23125,564.0
23126,603.0
23127,596.0
23128,580.0
23129,594.0
23130,609.0
23131,646.0
23132,621.0
23133,579.0
23134,581.0
23135,568.0
23136,504.0
23137,403.0
23138,341.0
23139,282.0
23140,237.0
23141,212.0
23142,228.0
23143,265.0
23144,305.0
23145,394.0
23146,559.0
23147,619.0
23148,626.0
23149,554.0
23150,592.0
23151,584.0
23152,570.0
23153,583.0
23154,597.0
23155,634.0
23156,609.0
23157,568.0
23158,570.0
23159,557.0
23160,519.0
23161,415.0
23162,351.0
23163,290.0
23164,244.0
23165,218.0
23166,235.0
23167,272.0
23168,314.0
23169,405.0
23170,575.0
23171,638.0
23172,644.0
23173,570.0
23174,609.0
23175,602.0
23176,586.0
23177,600.0
23178,615.0
23179,652.0
23180,627.0
23181,585.0
23182,587.0
23183,573.0
23184,500.0
23185,399.0
23186,338.0
23187,279.0
23188,235.0
23189,210.0
23190,226.0
23191,262.0
23192,302.0
23193,390.0
23194,554.0
23195,614.0
23196,620.0
23197,549.0
23198,587.0
23199,579.0
23200,565.0
23201,578.0
23202,592.0
23203,628.0
23204,604.0
23205,563.0
23206,565.0
23207,552.0
23208,486.0
23209,388.0
23210,328.0
23211,271.0
23212,228.0
23213,204.0
23214,220.0
23215,255.0
23216,293.0
23217,379.0
23218,538.0
23219,596.0
23220,603.0
23221,533.0
23222,570.0
23223,563.0
23224,548.0
23225,561.0
23226,575.0
23227,610.0
23228,586.0
23229,547.0
23230,549.0
23231,536.0
23232,370.0
23233,296.0
23234,250.0
23235,207.0
23236,174.0
23237,156.0
23238,167.0
23239,194.0
23240,224.0
23241,289.0
23242,410.0
23243,455.0
23244,459.0
23245,406.0
23246,435.0
23247,429.0
23248,418.0
23249,428.0
23250,438.0
23251,465.0
23252,447.0
23253,417.0
23254,419.0
23255,409.0
23256,369.0
23257,295.0
23258,249.0
23259,206.0
23260,173.0
23261,155.0
23262,167.0
23263,194.0
23264,223.0
23265,288.0
23266,409.0
23267,453.0
23268,458.0
23269,405.0
23270,433.0
23271,428.0
23272,417.0
23273,427.0
23274,437.0
23275,464.0
23276,446.0
23277,416.0
23278,418.0
23279,408.0
23280,518.0
23281,413.0
23282,350.0
23283,289.0
23284,243.0
23285,218.0
23286,234.0
23287,272.0
23288,313.0
23289,404.0
23290,573.0
23291,636.0
23292,643.0
23293,568.0
23294,608.0
23295,600.0
23296,585.0
23297,598.0
23298,613.0
23299,650.0
23300,625.0
23301,583.0
23302,586.0
23303,572.0
23304,508.0
23305,406.0
23306,343.0
23307,284.0
23308,239.0
23309,214.0
23310,230.0
23311,266.0
23312,307.0
23313,397.0
23314,563.0
23315,624.0
23316,631.0
23317,558.0
23318,596.0
23319,589.0
23320,574.0
23321,587.0
23322,602.0
23323,638.0
23324,613.0
23325,573.0
23326,575.0
23327,561.0
23328,523.0
23329,417.0
23330,353.0
23331,292.0
23332,246.0
23333,220.0
23334,237.0
23335,274.0
23336,316.0
23337,408.0
23338,579.0
23339,642.0
23340,649.0
23341,574.0
23342,614.0
23343,606.0
23344,591.0
23345,604.0
23346,619.0
23347,657.0
23348,631.0
23349,589.0
23350,591.0
23351,578.0
23352,504.0
23353,402.0
23354,340.0
23355,281.0
23356,237.0
23357,212.0
23358,228.0
23359,264.0
23360,304.0
23361,393.0
23362,558.0
23363,618.0
23364,625.0
23365,553.0
23366,591.0
23367,584.0
23368,569.0
23369,582.0
23370,596.0
23371,633.0
23372,608.0
23373,568.0
23374,570.0
23375,556.0
23376,489.0
23377,391.0
23378,330.0
23379,273.0
23380,230.0
23381,206.0
23382,221.0
23383,257.0
23384,295.0
23385,382.0
23386,542.0
23387,601.0
23388,607.0
23389,537.0
23390,574.0
23391,567.0
23392,552.0
23393,565.0
23394,579.0
23395,615.0
23396,591.0
23397,551.0
23398,553.0
23399,540.0
